Workbook

Sheet Brief Intro

Sheet colleges Cleaned
A1: date | B1: state | C1: county | D1: city | E1: ipeds_id | F1: college | G1: cases | H1: cases_2021 | I1: notes
A2: 44342 | B2: Alabama | C2: Madison | D2: Huntsville | E2: 100654 | F2: Alabama A&M University | G2: 41
A3: 44342 | B3: Alabama | C3: Montgomery | D3: Montgomery | E3: 100724 | F3: Alabama State University | G3: 2
A4: 44342 | B4: Alabama | C4: Limestone | D4: Athens | E4: 100812 | F4: Athens State University | G4: 45 | H4: 10
A5: 44342 | B5: Alabama | C5: Lee | D5: Auburn | E5: 100858 | F5: Auburn University | G5: 2742 | H5: 567
A6: 44342 | B6: Alabama | C6: Montgomery | D6: Montgomery | E6: 100830 | F6: Auburn University at Montgomery | G6: 220 | H6: 80
A7: 44342 | B7: Alabama | C7: Walker | D7: Jasper | E7: 102429 | F7: Bevill State Community College | G7: 4
A8: 44342 | B8: Alabama | C8: Jefferson | D8: Birmingham | E8: 100937 | F8: Birmingham-Southern College | G8: 263 | H8: 49
A9: 44342 | B9: Alabama | C9: Limestone | D9: Tanner | E9: 101514 | F9: Calhoun Community College | G9: 137 | H9: 53
A10: 44342 | B10: Alabama | C10: Tallapoosa | D10: Alexander City | E10: 100760 | F10: Central Alabama Community College | G10: 49 | H10: 10
A11: 44342 | B11: Alabama | C11: Coffee | D11: Enterprise | E11: 101143 | F11: Enterprise State Community College | G11: 76 | H11: 35
A12: 44342 | B12: Alabama | C12: Etowah | D12: Gadsden | E12: 101240 | F12: Gadsden State Community College | G12: 67 | H12: 5
A13: 44342 | B13: Alabama | C13: Montgomery | D13: Montgomery | E13: 101435 | F13: Huntingdon College | G13: 0
A14: 44342 | B14: Alabama | C14: Calhoun | D14: Jacksonville | E14: 101480 | F14: Jacksonville State University | G14: 229 | H14: 10
A15: 44342 | B15: Alabama | C15: Covington | D15: Andalusia | E15: 101602 | F15: Lurleen B. Wallace Community College | G15: 19
A16: 44342 | B16: Alabama | C16: Perry | D16: Marion | E16: 101648 | F16: Marion Military Institute | G16: 45 | H16: 19
A17: 44342 | B17: Alabama | C17: Jefferson | D17: Fairfield | E17: 101675 | F17: Miles College | G17: 0
A18: 44342 | B18: Alabama | C18: Jefferson | D18: Birmingham | E18: 102049 | F18: Samford University | G18: 666 | H18: 186
A19: 44342 | B19: Alabama | C19: Marshall | D19: Boaz | E19: 102076 | F19: Snead State Community College | G19: 29 | H19: 10
A20: 44342 | B20: Alabama | C20: Randolph | D20: Wadley | E20: 251260 | F20: Southern Union State Community College | G20: 295 | H20: 78
A21: 44342 | B21: Alabama | C21: Mobile | D21: Mobile | E21: 102234 | F21: Spring Hill College | G21: 162 | H21: 38
A22: 44342 | B22: Alabama | C22: Pike | D22: Troy | E22: 102368 | F22: Troy University | G22: 855 | H22: 106
A23: 44342 | B23: Alabama | C23: Houston | D23: Dothan | E23: 10236803 | F23: Troy University Dothan | G23: 18 | H23: 1
A24: 44342 | B24: Alabama | C24: Montgomery | D24: Montgomery | E24: 10236802 | F24: Troy University Montgomery | G24: 20 | H24: 2
A25: 44342 | B25: Alabama | C25: Russell | D25: Phenix | E25: 10236801 | F25: Troy University Phenix City | G25: 10 | H25: 1
A26: 44342 | B26: Alabama | C26: Macon | D26: Tuskeegee | E26: 102377 | F26: Tuskegee University | G26: 110
A27: 44342 | B27: Alabama | C27: Tuscaloosa | D27: Tuscaloosa | E27: 100751 | F27: University of Alabama | G27: 4565 | H27: 1204
A28: 44342 | B28: Alabama | C28: Jefferson | D28: Birmingham | E28: 100663 | F28: University of Alabama at Birmingham | G28: 3143 | H28: 857 | I28: Total is known to include one or more cases from a medical school, medical center, teaching hospital, clinical setting or other academic program in health sciences.
A29: 44342 | B29: Alabama | C29: Madison | D29: Huntsville | E29: 100706 | F29: University of Alabama in Huntsville | G29: 393 | H29: 183
A30: 44342 | B30: Alabama | C30: Shelby | D30: Montevallo | E30: 101709 | F30: University of Montevallo | G30: 192 | H30: 52
A31: 44342 | B31: Alabama | C31: Lauderdale | D31: Florence | E31: 101879 | F31: University of North Alabama | G31: 763 | H31: 275
A32: 44342 | B32: Alabama | C32: Mobile | D32: Mobile | E32: 102094 | F32: University of South Alabama | G32: 780 | H32: 273
A33: 44342 | B33: Alabama | C33: Sumter | D33: Livingston | E33: 101587 | F33: University of West Alabama | G33: 35 | H33: 5 | I33: College did not clarify whether data includes duplicate cases.
A34: 44342 | B34: Alaska | C34: North Slope Borough | D34: Utqiagvik | E34: 434584 | F34: Ilisagvik College | G34: 0
A35: 44342 | B35: Alaska | C35: Anchorage Municipality | D35: Anchorage | E35: 102553 | F35: University of Alaska Anchorage | G35: 186 | H35: 51
A36: 44342 | B36: Alaska | C36: Fairbanks North Star Borough | D36: Fairbanks | E36: 102614 | F36: University of Alaska Fairbanks | G36: 228 | H36: 79
A37: 44342 | B37: Alaska | C37: Juneau City and Borough | D37: Juneau | E37: 102632 | F37: University of Alaska Southeast | G37: 16 | H37: 3
A38: 44342 | B38: American Samoa | C38: Maoputasi | D38: Pago Pago | E38: 240736 | F38: American Samoa Community College | G38: 0 | H38: 0
A39: 44342 | B39: Arizona | C39: Maricopa | D39: Tempe | E39: 104151 | F39: Arizona State University | G39: 6766 | H39: 2261
A40: 44342 | B40: Arizona | C40: Yuma | D40: Yuma | E40: 104160 | F40: Arizona Western College | G40: 41
A41: 44342 | B41: Arizona | C41: Apache | D41: Tsaile | E41: 105297 | F41: Dine College | G41: 16 | H41: 11
A42: 44342 | B42: Arizona | C42: Yavapai | D42: Prescott | E42: 104586 | F42: Embry-Riddle Aeronautical University at Prescott | G42: 89 | H42: 35
A43: 44342 | B43: Arizona | C43: Maricopa | D43: Phoenix | E43: 104717 | F43: Grand Canyon University | G43: 1935 | H43: 563
A44: 44342 | B44: Arizona | C44: Maricopa | D44: Glendale | E44: 423643 | F44: Midwestern University at Glendale | G44: 248 | H44: 90
A45: 44342 | B45: Arizona | C45: Mohave | D45: Kingman | E45: 105206 | F45: Mohave Community College | G45: 0 | H45: 0
A46: 44342 | B46: Arizona | C46: Coconino | D46: Flagstaff | E46: 105330 | F46: Northern Arizona University | G46: 2959 | H46: 1429
A47: 44342 | B47: Arizona | C47: Pima | D47: Tucson | E47: 104179 | F47: University of Arizona | G47: 4365 | H47: 1051
A48: 44342 | B48: Arkansas | C48: Mississippi | D48: Blytheville | E48: 107327 | F48: Arkansas Northeastern College | G48: 65 | H48: 9
A49: 44342 | B49: Arkansas | C49: Craighead | D49: Jonesboro | E49: 106458 | F49: Arkansas State University | G49: 1106 | H49: 162
A50: 44342 | B50: Arkansas | C50: Jackson | D50: Newport | E50: 440402 | F50: Arkansas State University-Newport | G50: 139 | H50: 29
A51: 44342 | B51: Arkansas | C51: Pope | D51: Russellville | E51: 106467 | F51: Arkansas Tech University | G51: 704
A52: 44342 | B52: Arkansas | C52: Randolph | D52: Pocahontas | E52: 106625 | F52: Black River Technical College | G52: 85
A53: 44342 | B53: Arkansas | C53: Faulkner | D53: Conway | E53: 106713 | F53: Central Baptist College | G53: 48 | H53: 28
A54: 44342 | B54: Arkansas | C54: Sevier | D54: De Queen | E54: 106795 | F54: Cossatot Community College of the University of Arkansas | G54: 20 | H54: 20
A55: 44342 | B55: Arkansas | C55: White | D55: Searcy | E55: 107044 | F55: Harding University | G55: 1088 | H55: 653
A56: 44342 | B56: Arkansas | C56: Clark | D56: Arkadelphia | E56: 107071 | F56: Henderson State University | G56: 257 | H56: 85
A57: 44342 | B57: Arkansas | C57: Faulkner | D57: Conway | E57: 107080 | F57: Hendrix College | G57: 86 | H57: 64
A58: 44342 | B58: Arkansas | C58: Benton | D58: Siloam Springs | E58: 107141 | F58: John Brown University | G58: 77 | H58: 11
A59: 44342 | B59: Arkansas | C59: Independence | D59: Batesville | E59: 106342 | F59: Lyon College | G59: 116 | H59: 88
A60: 44342 | B60: Arkansas | C60: Garland | D60: Hot Springs | E60: 106980 | F60: National Park College | G60: 120 | H60: 54
A61: 44342 | B61: Arkansas | C61: Boone | D61: Harrison | E61: 107460 | F61: North Arkansas College | G61: 134 | H61: 34
A62: 44342 | B62: Arkansas | C62: Benton | D62: Bentonville | E62: 367459 | F62: NorthWest Arkansas Community College | G62: 43 | H62: 9
A63: 44342 | B63: Arkansas | C63: Clark | D63: Arkadelphia | E63: 107512 | F63: Ouachita Baptist University | G63: 339
A64: 44342 | B64: Arkansas | C64: Union | D64: El Dorado | E64: 107974 | F64: South Arkansas Community College | G64: 41
A65: 44342 | B65: Arkansas | C65: Columbia | D65: Magnolia | E65: 107983 | F65: Southern Arkansas University | G65: 343 | H65: 116
A66: 44342 | B66: Arkansas | C66: Washington | D66: Fayetteville | E66: 106397 | F66: University of Arkansas | G66: 3336 | H66: 594
A67: 44342 | B67: Arkansas | C67: Polk | D67: Mena | E67: 107743 | F67: University of Arkansas Community College Rich Mountain | G67: 61 | H67: 42
A68: 44342 | B68: Arkansas | C68: Conway | D68: Morrilton | E68: 107585 | F68: University of Arkansas Community College at Morrilton | G68: 78 | H68: 44
A69: 44342 | B69: Arkansas | C69: Miller | D69: Texarkana | E69: 10772501 | F69: University of Arkansas Hope-Texarkana | G69: 69 | H69: 37
A70: 44342 | B70: Arkansas | C70: Sebastian | D70: Fort Smith | E70: 108092 | F70: University of Arkansas at Fort Smith | G70: 300 | H70: 108
A71: 44342 | B71: Arkansas | C71: Pulaski | D71: Little Rock | E71: 106245 | F71: University of Arkansas at Little Rock | G71: 284 | H71: 66
A72: 44342 | B72: Arkansas | C72: Drew | D72: Monticello | E72: 106485 | F72: University of Arkansas at Monticello | G72: 212 | H72: 83
A73: 44342 | B73: Arkansas | C73: Jefferson | D73: Pine Bluff | E73: 106412 | F73: University of Arkansas at Pine Bluff | G73: 268 | H73: 67
A74: 44342 | B74: Arkansas | C74: Pulaski | D74: Little Rock | E74: 106263 | F74: University of Arkansas for Medical Sciences | G74: 224
A75: 44342 | B75: Arkansas | C75: Pulaski | D75: North Little Rock | E75: 107664 | F75: University of Arkansas-Pulaski Technical College | G75: 244 | H75: 100
A76: 44342 | B76: Arkansas | C76: Conway | D76: Conway | E76: 106704 | F76: University of Central Arkansas | G76: 672 | H76: 109
A77: 44342 | B77: Arkansas | C77: Johnson | D77: Clarksville | E77: 107558 | F77: University of the Ozarks | G77: 116 | H77: 53
A78: 44342 | B78: California | C78: San Francisco | D78: San Francisco | E78: 108232 | F78: Academy of Art University | G78: 0
A79: 44342 | B79: California | C79: Los Angeles | D79: Lancaster | E79: 109350 | F79: Antelope Valley College | G79: 101
A80: 44342 | B80: California | C80: Los Angeles | D80: Azusa | E80: 109785 | F80: Azusa Pacific University | G80: 108 | H80: 64
A81: 44342 | B81: California | C81: Kern | D81: Bakersfield | E81: 109819 | F81: Bakersfield College | G81: 0
A82: 44342 | B82: California | C82: Los Angeles | D82: La Mirada | E82: 110097 | F82: Biola University | G82: 99
A83: 44342 | B83: California | C83: Riverside | D83: Riverside | E83: 110361 | F83: California Baptist University | G83: 25
A84: 44342 | B84: California | C84: Los Angeles | D84: Pasadena | E84: 110404 | F84: California Institute of Technology | G84: 123 | H84: 75
A85: 44342 | B85: California | C85: Ventura | D85: Thousand Oaks | E85: 110413 | F85: California Lutheran University | G85: 47 | H85: 25
A86: 44342 | B86: California | C86: San Luis Obispo | D86: San Luis Obispo | E86: 110422 | F86: California Polytechnic State University, San Luis Obispo | G86: 2021 | H86: 1136
A87: 44342 | B87: California | C87: Los Angeles | D87: Pomona | E87: 110529 | F87: California State Polytechnic University, Pomona | G87: 61 | H87: 39
A88: 44342 | B88: California | C88: Solano | D88: Vallejo | E88: 111188 | F88: California State University Maritime Academy | G88: 13 | H88: 5
A89: 44342 | B89: California | C89: Kern | D89: Bakersfield | E89: 110486 | F89: California State University, Bakersfield | G89: 97 | H89: 29
A90: 44342 | B90: California | C90: Ventura | D90: Camarillo | E90: 441937 | F90: California State University, Channel Islands | G90: 27 | H90: 8
A91: 44342 | B91: California | C91: Butte | D91: Chico | E91: 110538 | F91: California State University, Chico | G91: 336 | H91: 79
A92: 44342 | B92: California | C92: Los Angeles | D92: Carson | E92: 110547 | F92: California State University, Dominguez Hills | G92: 50 | H92: 38
A93: 44342 | B93: California | C93: Alameda | D93: Hayward | E93: 110574 | F93: California State University, East Bay | G93: 43 | H93: 16
A94: 44342 | B94: California | C94: Orange | D94: Fullerton | E94: 110565 | F94: California State University, Fullerton | G94: 45 | H94: 23
A95: 44342 | B95: California | C95: Los Angeles | D95: Long Beach | E95: 110583 | F95: California State University, Long Beach | G95: 163 | H95: 64
A96: 44342 | B96: California | C96: Los Angeles | D96: Los Angeles | E96: 110592 | F96: California State University, Los Angeles | G96: 199
A97: 44342 | B97: California | C97: Monterey | D97: Marina | E97: 409698 | F97: California State University, Monterey Bay | G97: 18 | H97: 8
A98: 44342 | B98: California | C98: Los Angeles | D98: Los Angeles | E98: 110608 | F98: California State University, Northridge | G98: 149 | H98: 55
A99: 44342 | B99: California | C99: Sacramento | D99: Sacramento | E99: 110617 | F99: California State University, Sacramento | G99: 148 | H99: 46
A100: 44342 | B100: California | C100: San Bernardino | D100: San Bernardino | E100: 110510 | F100: California State University, San Bernardino | G100: 43 | H100: 15
...

Sheet Cleaned Data 
A1: date | B1: state | C1: county | D1: city | F1: college | G1: cases | H1: cases_2021 | I1: notes
A2: 44342 | B2: Alabama | C2: Madison | D2: Huntsville | E2: 100654 | F2: Alabama A&M University | G2: 41 | H2: NA | I2: NA
A3: 44342 | B3: Alabama | C3: Montgomery | D3: Montgomery | E3: 100724 | F3: Alabama State University | G3: 2 | H3: NA | I3: NA
A4: 44342 | B4: Alabama | C4: Limestone | D4: Athens | E4: 100812 | F4: Athens State University | G4: 45 | H4: 10 | I4: NA
A5: 44342 | B5: Alabama | C5: Lee | D5: Auburn | E5: 100858 | F5: Auburn University | G5: 2742 | H5: 567 | I5: NA | M5: AVERAGE | N5: 2020
A6: 44342 | B6: Alabama | C6: Montgomery | D6: Montgomery | E6: 100830 | F6: Auburn University at Montgomery | G6: 220 | H6: 80 | I6: NA | M6: College | N6: =AVERAGE(Table1[cases]) -> 363.5385
A7: 44342 | B7: Alabama | C7: Walker | D7: Jasper | E7: 102429 | F7: Bevill State Community College | G7: 4 | H7: NA | I7: NA
A8: 44342 | B8: Alabama | C8: Jefferson | D8: Birmingham | E8: 100937 | F8: Birmingham-Southern College | G8: 263 | H8: 49 | I8: NA
A9: 44342 | B9: Alabama | C9: Limestone | D9: Tanner | E9: 101514 | F9: Calhoun Community College | G9: 137 | H9: 53 | I9: NA | M9: AVERAGE
A10: 44342 | B10: Alabama | C10: Tallapoosa | D10: Alexander City | E10: 100760 | F10: Central Alabama Community College | G10: 49 | H10: 10 | I10: NA
A11: 44342 | B11: Alabama | C11: Coffee | D11: Enterprise | E11: 101143 | F11: Enterprise State Community College | G11: 76 | H11: 35 | I11: NA
A12: 44342 | B12: Alabama | C12: Etowah | D12: Gadsden | E12: 101240 | F12: Gadsden State Community College | G12: 67 | H12: 5 | I12: NA
A13: 44342 | B13: Alabama | C13: Montgomery | D13: Montgomery | E13: 101435 | F13: Huntingdon College | G13: 0 | H13: NA | I13: NA
A14: 44342 | B14: Alabama | C14: Calhoun | D14: Jacksonville | E14: 101480 | F14: Jacksonville State University | G14: 229 | H14: 10 | I14: NA
A15: 44342 | B15: Alabama | C15: Covington | D15: Andalusia | E15: 101602 | F15: Lurleen B. Wallace Community College | G15: 19 | H15: NA | I15: NA
A16: 44342 | B16: Alabama | C16: Perry | D16: Marion | E16: 101648 | F16: Marion Military Institute | G16: 45 | H16: 19 | I16: NA
A17: 44342 | B17: Alabama | C17: Jefferson | D17: Fairfield | E17: 101675 | F17: Miles College | G17: 0 | H17: NA | I17: NA
A18: 44342 | B18: Alabama | C18: Jefferson | D18: Birmingham | E18: 102049 | F18: Samford University | G18: 666 | H18: 186 | I18: NA
A19: 44342 | B19: Alabama | C19: Marshall | D19: Boaz | E19: 102076 | F19: Snead State Community College | G19: 29 | H19: 10 | I19: NA
A20: 44342 | B20: Alabama | C20: Randolph | D20: Wadley | E20: 251260 | F20: Southern Union State Community College | G20: 295 | H20: 78 | I20: NA
A21: 44342 | B21: Alabama | C21: Mobile | D21: Mobile | E21: 102234 | F21: Spring Hill College | G21: 162 | H21: 38 | I21: NA
A22: 44342 | B22: Alabama | C22: Pike | D22: Troy | E22: 102368 | F22: Troy University | G22: 855 | H22: 106 | I22: NA
A23: 44342 | B23: Alabama | C23: Houston | D23: Dothan | E23: 10236803 | F23: Troy University Dothan | G23: 18 | H23: 1 | I23: NA
A24: 44342 | B24: Alabama | C24: Montgomery | D24: Montgomery | E24: 10236802 | F24: Troy University Montgomery | G24: 20 | H24: 2 | I24: NA
A25: 44342 | B25: Alabama | C25: Russell | D25: Phenix | E25: 10236801 | F25: Troy University Phenix City | G25: 10 | H25: 1 | I25: NA
A26: 44342 | B26: Alabama | C26: Macon | D26: Tuskeegee | E26: 102377 | F26: Tuskegee University | G26: 110 | H26: NA | I26: NA
A27: 44342 | B27: Alabama | C27: Tuscaloosa | D27: Tuscaloosa | E27: 100751 | F27: University of Alabama | G27: 4565 | H27: 1204 | I27: NA
A28: 44342 | B28: Alabama | C28: Jefferson | D28: Birmingham | E28: 100663 | F28: University of Alabama at Birmingham | G28: 3143 | H28: 857 | I28: Total is known to include one or more cases from a medical school, medical center, teaching hospital, clinical setting or other academic program in health sciences.
A29: 44342 | B29: Alabama | C29: Madison | D29: Huntsville | E29: 100706 | F29: University of Alabama in Huntsville | G29: 393 | H29: 183 | I29: NA
A30: 44342 | B30: Alabama | C30: Shelby | D30: Montevallo | E30: 101709 | F30: University of Montevallo | G30: 192 | H30: 52 | I30: NA
A31: 44342 | B31: Alabama | C31: Lauderdale | D31: Florence | E31: 101879 | F31: University of North Alabama | G31: 763 | H31: 275 | I31: NA
A32: 44342 | B32: Alabama | C32: Mobile | D32: Mobile | E32: 102094 | F32: University of South Alabama | G32: 780 | H32: 273 | I32: NA
A33: 44342 | B33: Alabama | C33: Sumter | D33: Livingston | E33: 101587 | F33: University of West Alabama | G33: 35 | H33: 5 | I33: College did not clarify whether data includes duplicate cases.
A34: 44342 | B34: Alaska | C34: North Slope Borough | D34: Utqiagvik | E34: 434584 | F34: Ilisagvik College | G34: 0 | H34: NA | I34: NA
A35: 44342 | B35: Alaska | C35: Anchorage Municipality | D35: Anchorage | E35: 102553 | F35: University of Alaska Anchorage | G35: 186 | H35: 51 | I35: NA
A36: 44342 | B36: Alaska | C36: Fairbanks North Star Borough | D36: Fairbanks | E36: 102614 | F36: University of Alaska Fairbanks | G36: 228 | H36: 79 | I36: NA
A37: 44342 | B37: Alaska | C37: Juneau City and Borough | D37: Juneau | E37: 102632 | F37: University of Alaska Southeast | G37: 16 | H37: 3 | I37: NA
A38: 44342 | B38: American Samoa | C38: Maoputasi | D38: Pago Pago | E38: 240736 | F38: American Samoa Community College | G38: 0 | H38: 0 | I38: NA
A39: 44342 | B39: Arizona | C39: Maricopa | D39: Tempe | E39: 104151 | F39: Arizona State University | G39: 6766 | H39: 2261 | I39: NA
A40: 44342 | B40: Arizona | C40: Yuma | D40: Yuma | E40: 104160 | F40: Arizona Western College | G40: 41 | H40: NA | I40: NA
A41: 44342 | B41: Arizona | C41: Apache | D41: Tsaile | E41: 105297 | F41: Dine College | G41: 16 | H41: 11 | I41: NA
A42: 44342 | B42: Arizona | C42: Yavapai | D42: Prescott | E42: 104586 | F42: Embry-Riddle Aeronautical University at Prescott | G42: 89 | H42: 35 | I42: NA
A43: 44342 | B43: Arizona | C43: Maricopa | D43: Phoenix | E43: 104717 | F43: Grand Canyon University | G43: 1935 | H43: 563 | I43: NA
A44: 44342 | B44: Arizona | C44: Maricopa | D44: Glendale | E44: 423643 | F44: Midwestern University at Glendale | G44: 248 | H44: 90 | I44: NA
A45: 44342 | B45: Arizona | C45: Mohave | D45: Kingman | E45: 105206 | F45: Mohave Community College | G45: 0 | H45: 0 | I45: NA
A46: 44342 | B46: Arizona | C46: Coconino | D46: Flagstaff | E46: 105330 | F46: Northern Arizona University | G46: 2959 | H46: 1429 | I46: NA
A47: 44342 | B47: Arizona | C47: Pima | D47: Tucson | E47: 104179 | F47: University of Arizona | G47: 4365 | H47: 1051 | I47: NA
A48: 44342 | B48: Arkansas | C48: Mississippi | D48: Blytheville | E48: 107327 | F48: Arkansas Northeastern College | G48: 65 | H48: 9 | I48: NA
A49: 44342 | B49: Arkansas | C49: Craighead | D49: Jonesboro | E49: 106458 | F49: Arkansas State University | G49: 1106 | H49: 162 | I49: NA
A50: 44342 | B50: Arkansas | C50: Jackson | D50: Newport | E50: 440402 | F50: Arkansas State University-Newport | G50: 139 | H50: 29 | I50: NA
A51: 44342 | B51: Arkansas | C51: Pope | D51: Russellville | E51: 106467 | F51: Arkansas Tech University | G51: 704 | H51: NA | I51: NA
A52: 44342 | B52: Arkansas | C52: Randolph | D52: Pocahontas | E52: 106625 | F52: Black River Technical College | G52: 85 | H52: NA | I52: NA
A53: 44342 | B53: Arkansas | C53: Faulkner | D53: Conway | E53: 106713 | F53: Central Baptist College | G53: 48 | H53: 28 | I53: NA
A54: 44342 | B54: Arkansas | C54: Sevier | D54: De Queen | E54: 106795 | F54: Cossatot Community College of the University of Arkansas | G54: 20 | H54: 20 | I54: NA
A55: 44342 | B55: Arkansas | C55: White | D55: Searcy | E55: 107044 | F55: Harding University | G55: 1088 | H55: 653 | I55: NA
A56: 44342 | B56: Arkansas | C56: Clark | D56: Arkadelphia | E56: 107071 | F56: Henderson State University | G56: 257 | H56: 85 | I56: NA
A57: 44342 | B57: Arkansas | C57: Faulkner | D57: Conway | E57: 107080 | F57: Hendrix College | G57: 86 | H57: 64 | I57: NA
A58: 44342 | B58: Arkansas | C58: Benton | D58: Siloam Springs | E58: 107141 | F58: John Brown University | G58: 77 | H58: 11 | I58: NA
A59: 44342 | B59: Arkansas | C59: Independence | D59: Batesville | E59: 106342 | F59: Lyon College | G59: 116 | H59: 88 | I59: NA
A60: 44342 | B60: Arkansas | C60: Garland | D60: Hot Springs | E60: 106980 | F60: National Park College | G60: 120 | H60: 54 | I60: NA
A61: 44342 | B61: Arkansas | C61: Boone | D61: Harrison | E61: 107460 | F61: North Arkansas College | G61: 134 | H61: 34 | I61: NA
A62: 44342 | B62: Arkansas | C62: Benton | D62: Bentonville | E62: 367459 | F62: NorthWest Arkansas Community College | G62: 43 | H62: 9 | I62: NA
A63: 44342 | B63: Arkansas | C63: Clark | D63: Arkadelphia | E63: 107512 | F63: Ouachita Baptist University | G63: 339 | H63: NA | I63: NA
A64: 44342 | B64: Arkansas | C64: Union | D64: El Dorado | E64: 107974 | F64: South Arkansas Community College | G64: 41 | H64: NA | I64: NA
A65: 44342 | B65: Arkansas | C65: Columbia | D65: Magnolia | E65: 107983 | F65: Southern Arkansas University | G65: 343 | H65: 116 | I65: NA
A66: 44342 | B66: Arkansas | C66: Washington | D66: Fayetteville | E66: 106397 | F66: University of Arkansas | G66: 3336 | H66: 594 | I66: NA
A67: 44342 | B67: Arkansas | C67: Polk | D67: Mena | E67: 107743 | F67: University of Arkansas Community College Rich Mountain | G67: 61 | H67: 42 | I67: NA
A68: 44342 | B68: Arkansas | C68: Conway | D68: Morrilton | E68: 107585 | F68: University of Arkansas Community College at Morrilton | G68: 78 | H68: 44 | I68: NA
A69: 44342 | B69: Arkansas | C69: Miller | D69: Texarkana | E69: 10772501 | F69: University of Arkansas Hope-Texarkana | G69: 69 | H69: 37 | I69: NA
A70: 44342 | B70: Arkansas | C70: Sebastian | D70: Fort Smith | E70: 108092 | F70: University of Arkansas at Fort Smith | G70: 300 | H70: 108 | I70: NA
A71: 44342 | B71: Arkansas | C71: Pulaski | D71: Little Rock | E71: 106245 | F71: University of Arkansas at Little Rock | G71: 284 | H71: 66 | I71: NA
A72: 44342 | B72: Arkansas | C72: Drew | D72: Monticello | E72: 106485 | F72: University of Arkansas at Monticello | G72: 212 | H72: 83 | I72: NA
A73: 44342 | B73: Arkansas | C73: Jefferson | D73: Pine Bluff | E73: 106412 | F73: University of Arkansas at Pine Bluff | G73: 268 | H73: 67 | I73: NA
A74: 44342 | B74: Arkansas | C74: Pulaski | D74: Little Rock | E74: 106263 | F74: University of Arkansas for Medical Sciences | G74: 224 | H74: NA | I74: NA
A75: 44342 | B75: Arkansas | C75: Pulaski | D75: North Little Rock | E75: 107664 | F75: University of Arkansas-Pulaski Technical College | G75: 244 | H75: 100 | I75: NA
A76: 44342 | B76: Arkansas | C76: Conway | D76: Conway | E76: 106704 | F76: University of Central Arkansas | G76: 672 | H76: 109 | I76: NA
A77: 44342 | B77: Arkansas | C77: Johnson | D77: Clarksville | E77: 107558 | F77: University of the Ozarks | G77: 116 | H77: 53 | I77: NA
A78: 44342 | B78: California | C78: San Francisco | D78: San Francisco | E78: 108232 | F78: Academy of Art University | G78: 0 | H78: NA | I78: NA
A79: 44342 | B79: California | C79: Los Angeles | D79: Lancaster | E79: 109350 | F79: Antelope Valley College | G79: 101 | H79: NA | I79: NA
A80: 44342 | B80: California | C80: Los Angeles | D80: Azusa | E80: 109785 | F80: Azusa Pacific University | G80: 108 | H80: 64 | I80: NA
A81: 44342 | B81: California | C81: Kern | D81: Bakersfield | E81: 109819 | F81: Bakersfield College | G81: 0 | H81: NA | I81: NA
A82: 44342 | B82: California | C82: Los Angeles | D82: La Mirada | E82: 110097 | F82: Biola University | G82: 99 | H82: NA | I82: NA
A83: 44342 | B83: California | C83: Riverside | D83: Riverside | E83: 110361 | F83: California Baptist University | G83: 25 | H83: NA | I83: NA
A84: 44342 | B84: California | C84: Los Angeles | D84: Pasadena | E84: 110404 | F84: California Institute of Technology | G84: 123 | H84: 75 | I84: NA
A85: 44342 | B85: California | C85: Ventura | D85: Thousand Oaks | E85: 110413 | F85: California Lutheran University | G85: 47 | H85: 25 | I85: NA
A86: 44342 | B86: California | C86: San Luis Obispo | D86: San Luis Obispo | E86: 110422 | F86: California Polytechnic State University, San Luis Obispo | G86: 2021 | H86: 1136 | I86: NA
A87: 44342 | B87: California | C87: Los Angeles | D87: Pomona | E87: 110529 | F87: California State Polytechnic University, Pomona | G87: 61 | H87: 39 | I87: NA
A88: 44342 | B88: California | C88: Solano | D88: Vallejo | E88: 111188 | F88: California State University Maritime Academy | G88: 13 | H88: 5 | I88: NA
A89: 44342 | B89: California | C89: Kern | D89: Bakersfield | E89: 110486 | F89: California State University, Bakersfield | G89: 97 | H89: 29 | I89: NA
A90: 44342 | B90: California | C90: Ventura | D90: Camarillo | E90: 441937 | F90: California State University, Channel Islands | G90: 27 | H90: 8 | I90: NA
A91: 44342 | B91: California | C91: Butte | D91: Chico | E91: 110538 | F91: California State University, Chico | G91: 336 | H91: 79 | I91: NA
A92: 44342 | B92: California | C92: Los Angeles | D92: Carson | E92: 110547 | F92: California State University, Dominguez Hills | G92: 50 | H92: 38 | I92: NA
A93: 44342 | B93: California | C93: Alameda | D93: Hayward | E93: 110574 | F93: California State University, East Bay | G93: 43 | H93: 16 | I93: NA
A94: 44342 | B94: California | C94: Orange | D94: Fullerton | E94: 110565 | F94: California State University, Fullerton | G94: 45 | H94: 23 | I94: NA
A95: 44342 | B95: California | C95: Los Angeles | D95: Long Beach | E95: 110583 | F95: California State University, Long Beach | G95: 163 | H95: 64 | I95: NA
A96: 44342 | B96: California | C96: Los Angeles | D96: Los Angeles | E96: 110592 | F96: California State University, Los Angeles | G96: 199 | H96: NA | I96: NA
A97: 44342 | B97: California | C97: Monterey | D97: Marina | E97: 409698 | F97: California State University, Monterey Bay | G97: 18 | H97: 8 | I97: NA
A98: 44342 | B98: California | C98: Los Angeles | D98: Los Angeles | E98: 110608 | F98: California State University, Northridge | G98: 149 | H98: 55 | I98: NA
A99: 44342 | B99: California | C99: Sacramento | D99: Sacramento | E99: 110617 | F99: California State University, Sacramento | G99: 148 | H99: 46 | I99: NA
A100: 44342 | B100: California | C100: San Bernardino | D100: San Bernardino | E100: 110510 | F100: California State University, San Bernardino | G100: 43 | H100: 15 | I100: NA
...

Sheet Analysis PivotTable
A2: Cases By University 2020 | E2: Cases by State 2020 | H2: Cases by county 2020 | K2: College cases 2021 | O2: State total cases in 2021 | S2: County cases 2021 | Z2: Year -to -Year Cases by City | AF2: Year -to -Year Cases by College | AL2: Year -to -Year Cases by County | BB2: Year -to -Year Cases by State
A3: Row Labels | B3: College Cases | E3: Row Labels | F3: Total by State | H3: Row Labels | I3: County Cases | K3: Row Labels | L3: Colleges Cases 2021 | O3: Row Labels | P3: State Total cases 2021 | S3: Row Labels | T3: Cases County 2021 | W3: Total cases 2021 | X3: 2020 Total cases | Z3: Row Labels | AA3: 2020 cases | AB3: 2021 cases | AF3: Row Labels | AG3: 2020 cases | AH3: 2021 cases | AL3: Row Labels | AM3: 2020 cases | AN3: 2021 cases | AT3: Row Labels | BB3: Row Labels | BC3: 2020 cases | BD3: 2021 cases
A4: Abilene Christian University | B4: 773 | E4: Alabama | F4: 15975 | H4: Abbeville | I4: 0 | K4: Abilene Christian University | L4: 163 | O4: Alabama | P4: 4109 | S4: Abbeville | T4: 0 | W4: 270827 | X4: 708173 | Z4: Aberdeen | AA4: 180 | AB4: 5 | AF4: Abilene Christian University | AG4: 773 | AH4: 163 | AL4: Abbeville | AM4: 0 | AN4: 0 | AT4: 100654 | BB4: Alabama | BC4: 15975 | BD4: 4109 | BK4: AVERAGE | BL4: 2020 | BO4: $BK4:$BL4
A5: Abraham Baldwin Agricultural College | B5: 267 | E5: Alaska | F5: 430 | H5: Acadia | I5: 149 | K5: Abraham Baldwin Agricultural College | L5: 102 | O5: Alaska | P5: 133 | S5: Acadia | T5: 76 | Z5: Abilene | AA5: 988 | AB5: 214 | AF5: Abraham Baldwin Agricultural College | AG5: 267 | AH5: 102 | AL5: Acadia | AM5: 149 | AN5: 76 | AT5: 100663 | BB5: Alaska | BC5: 430 | BD5: 133 | BK5: Alabama | BL5: =AVERAGEIF(Table1[#All],BK10,'Cleaned Data '!G:G) -> 137.34667
A6: Academy of Art University | B6: 0 | E6: American Samoa | F6: 0 | H6: Ada | I6: 1642 | K6: Academy of Art University | L6: 0 | O6: American Samoa | P6: 0 | S6: Ada | T6: 517 | Z6: Abingdon | AA6: 4 | AB6: 0 | AF6: Academy of Art University | AG6: 0 | AH6: 0 | AL6: Ada | AM6: 1642 | AN6: 517 | AT6: 100706 | BB6: American Samoa | BC6: 0 | BD6: 0 | BK6: Alaska | BL6: =AVERAGEIF(Table1[#All],BK6,'Cleaned Data '!G:G) -> 44.333333
A7: Adams State University | B7: 176 | E7: Arizona | F7: 16419 | H7: Adair | I7: 749 | K7: Adams State University | L7: 68 | O7: Arizona | P7: 5440 | S7: Adair | T7: 318 | Z7: Abington | AA7: 57 | AB7: 28 | AF7: Adams State University | AG7: 176 | AH7: 68 | AL7: Adair | AM7: 749 | AN7: 318 | AT7: 100724 | BB7: Arizona | BC7: 16419 | BD7: 5440 | BK7: American Samoa | BL7: =AVERAGEIF(Table1[#All],BK7,'Cleaned Data '!G:G) -> 0
A8: Adelphi University | B8: 231 | E8: Arkansas | F8: 10675 | H8: Adams | I8: 948 | K8: Adelphi University | L8: 171 | O8: Arkansas | P8: 2665 | S8: Adams | T8: 308 | Z8: Ada | AA8: 230 | AB8: 95 | AF8: Adelphi University | AG8: 231 | AH8: 171 | AL8: Adams | AM8: 948 | AN8: 308 | AT8: 100751 | BB8: Arkansas | BC8: 10675 | BD8: 2665 | BK8: Arizona | BL8: =AVERAGEIF(Table1[#All],BK8,'Cleaned Data '!G:G) -> 680
A9: Adirondack Community College | B9: 33 | E9: California | F9: 21668 | H9: Addison | I9: 29 | K9: Adirondack Community College | L9: 25 | O9: California | P9: 10301 | S9: Addison | T9: 22 | Z9: Adrian | AA9: 646 | AB9: 249 | AF9: Adirondack Community College | AG9: 33 | AH9: 25 | AL9: Addison | AM9: 29 | AN9: 22 | AT9: 100760 | BB9: California | BC9: 21668 | BD9: 10301 | BK9: Arkansas | BL9: =AVERAGEIF(Table1[#All],BK9,'Cleaned Data '!G:G) -> 106.6
A10: Adrian College | B10: 484 | E10: Colorado | F10: 14647 | H10: Aguadilla | I10: 0 | K10: Adrian College | L10: 152 | O10: Colorado | P10: 5884 | S10: Aguadilla | T10: 0 | Z10: Aguadilla | AA10: 0 | AB10: 0 | AF10: Adrian College | AG10: 484 | AH10: 152 | AL10: Aguadilla | AM10: 0 | AN10: 0 | AT10: 100812 | BB10: Colorado | BC10: 14647 | BD10: 5884 | BK10: California | BL10: =AVERAGEIF(Table1[#All],BK10,'Cleaned Data '!G:G) -> 137.34667
A11: AdventHealth University | B11: 4 | E11: Connecticut | F11: 8943 | H11: Aiken | I11: 132 | K11: AdventHealth University | L11: 0 | O11: Connecticut | P11: 4358 | S11: Aiken | T11: 45 | Z11: Aiken | AA11: 132 | AB11: 45 | AF11: AdventHealth University | AG11: 4 | AH11: 0 | AL11: Aiken | AM11: 132 | AN11: 45 | AT11: 100830 | BB11: Connecticut | BC11: 8943 | BD11: 4358 | BK11: Colorado | BL11: =AVERAGEIF(Table1[#All],BK11,'Cleaned Data '!G:G) -> 226.30769
A12: Agnes Scott College | B12: 17 | E12: Delaware | F12: 3264 | H12: Alachua | I12: 9986 | K12: Agnes Scott College | L12: 14 | O12: Delaware | P12: 1989 | S12: Alachua | T12: 3205 | Z12: Air Force Academy | AA12: 2 | AB12: 0 | AF12: Agnes Scott College | AG12: 17 | AH12: 14 | AL12: Alachua | AM12: 9986 | AN12: 3205 | AT12: 100858 | BB12: Delaware | BC12: 3264 | BD12: 1989 | BK12: Connecticut | BL12: =AVERAGEIF(Table1[#All],BK12,'Cleaned Data '!G:G) -> 229.36842
A13: Air Force Institute of Technology-Graduate School of Engineering & Management | B13: 0 | E13: Florida | F13: 35499 | H13: Alamance | I13: 1470 | K13: Air Force Institute of Technology-Graduate School of Engineering & Management | L13: 0 | O13: Florida | P13: 13681 | S13: Alamance | T13: 537 | Z13: Akron | AA13: 693 | AB13: 304 | AF13: Air Force Institute of Technology-Graduate School of Engineering & Management | AG13: 0 | AH13: 0 | AL13: Alamance | AM13: 1470 | AN13: 537 | AT13: 100937 | BB13: Florida | BC13: 35499 | BD13: 13681 | BK13: Deleware | BL13: =AVERAGEIF(Table1[#All],BK13,'Cleaned Data '!G:G) -> #DIV/0!
A14: Alabama A&M University | B14: 41 | E14: Georgia | F14: 23235 | H14: Alameda | I14: 1163 | K14: Alabama A&M University | L14: 0 | O14: Georgia | P14: 8413 | S14: Alameda | T14: 708 | Z14: Alamosa | AA14: 176 | AB14: 68 | AF14: Alabama A&M University | AG14: 41 | AH14: 0 | AL14: Alameda | AM14: 1163 | AN14: 708 | AT14: 101143 | BB14: Georgia | BC14: 23235 | BD14: 8413 | BK14: Florida | BL14: =AVERAGEIF(Table1[#All],BK14,'Cleaned Data '!G:G) -> 231.88136
A15: Alabama State University | B15: 2 | E15: Guam | F15: 12 | H15: Alamosa | I15: 176 | K15: Alabama State University | L15: 0 | O15: Guam | P15: 0 | S15: Alamosa | T15: 68 | Z15: Albany | AA15: 1515 | AB15: 795 | AF15: Alabama State University | AG15: 2 | AH15: 0 | AL15: Alamosa | AM15: 176 | AN15: 68 | AT15: 101240 | BB15: Guam | BC15: 12 | BD15: 0 | BK15: Georgia | BL15: =AVERAGEIF(Table1[#All],BK15,'Cleaned Data '!G:G) -> 227.37838
A16: Albany College of Pharmacy and Health Sciences | B16: 57 | E16: Hawaii | F16: 153 | H16: Albany | I16: 3875 | K16: Albany College of Pharmacy and Health Sciences | L16: 36 | O16: Hawaii | P16: 91 | S16: Albany | T16: 1300 | Z16: Albion | AA16: 189 | AB16: 126 | AF16: Albany College of Pharmacy and Health Sciences | AG16: 57 | AH16: 36 | AL16: Albany | AM16: 3875 | AN16: 1300 | AT16: 101435 | BB16: Hawaii | BC16: 153 | BD16: 91 | BK16: Guam | BL16: =AVERAGEIF(Table1[#All],BK16,'Cleaned Data '!G:G) -> #DIV/0!
A17: Albany Medical College | B17: 56 | E17: Idaho | F17: 7570 | H17: Allegany | I17: 874 | K17: Albany Medical College | L17: 31 | O17: Idaho | P17: 2372 | S17: Allegany | T17: 485 | Z17: Albuquerque | AA17: 506 | AB17: 157 | AF17: Albany Medical College | AG17: 56 | AH17: 31 | AL17: Allegany | AM17: 874 | AN17: 485 | AT17: 101480 | BB17: Idaho | BC17: 7570 | BD17: 2372 | BK17: Hawaii | BL17: =AVERAGEIF(Table1[#All],BK17,'Cleaned Data '!G:G) -> 13
... A61: Ashland University | B61: 354 | E61: Grand Total | F61: 708173 | H61: Berkshire | I61: 103 | K61: Ashland University | L61: 203 | O61: Grand Total | P61: 270827 | S61: Berkshire | T61: 74 | Z61: Babson Park | AA61: 31 | AB61: 0 | AF61: Ashland University | AG61: 354 | AH61: 203 | AL61: Berkshire | AM61: 103 | AN61: 74 | AT61: 107460 | BB61: Grand Total | BC61: 708173 | BD61: 270827 | BK61: Wyoming | BL61: =AVERAGEIF(Table1[#All],BK61,'Cleaned Data '!G:G) -> 86.5
A62: Assumption College | B62: 116 | H62: Bernalillo | I62: 506 | K62: Assumption College | L62: 55 | S62: Bernalillo | T62: 157 | Z62: Bakersfield | AA62: 97 | AB62: 29 | AF62: Assumption College | AG62: 116 | AH62: 55 | AL62: Bernalillo | AM62: 506 | AN62: 157 | AT62: 107512
A63: Athens State University | B63: 45 | H63: Berrien | I63: 245 | K63: Athens State University | L63: 10 | S63: Berrien | T63: 122 | Z63: Baldwin City | AA63: 113 | AB63: 3 | AF63: Athens State University | AG63: 45 | AH63: 10 | AL63: Berrien | AM63: 245 | AN63: 122 | AT63: 107558
A64: Atlanta Metropolitan State College | B64: 2 | H64: Bexar | I64: 1490 | K64: Atlanta Metropolitan State College | L64: 2 | S64: Bexar | T64: 414 | Z64: Baltimore | AA64: 1963 | AB64: 1071 | AF64: Atlanta Metropolitan State College | AG64: 2 | AH64: 2 | AL64: Bexar | AM64: 1490 | AN64: 414 | AT64: 107585
A65: Atlantic Technical College | B65: 40 | H65: Bibb | I65: 1180 | K65: Atlantic Technical College | L65: 0 | S65: Bibb | T65: 480 | Z65: Bangor | AA65: 161 | AB65: 108 | AF65: Atlantic Technical College | AG65: 40 | AH65: 0 | AL65: Bibb | AM65: 1180 | AN65: 480 | AT65: 107664
A66: Atlantis University | B66: 1 | H66: Big Horn | I66: 10 | K66: Atlantis University | L66: 0 | S66: Big Horn | T66: 0 | Z66: Banner Elk | AA66: 84 | AB66: 47 | AF66: Atlantis University | AG66: 1 | AH66: 0 | AL66: Big Horn | AM66: 10 | AN66: 0 | AT66: 107743
A67: Auburn University | B67: 2742 | H67: Black Hawk | I67: 1031 | K67: Auburn University | L67: 567 | S67: Black Hawk | T67: 160 | Z67: Barbourville | AA67: 78 | AB67: 24 | AF67: Auburn University | AG67: 2742 | AH67: 567 | AL67: Black Hawk | AM67: 1031 | AN67: 160 | AT67: 107974
A68: Auburn University at Montgomery | B68: 220 | H68: Blair | I68: 339 | K68: Auburn University at Montgomery | L68: 80 | S68: Blair | T68: 45 | Z68: Barnesville | AA68: 57 | AB68: 8 | AF68: Auburn University at Montgomery | AG68: 220 | AH68: 80 | AL68: Blair | AM68: 339 | AN68: 45 | AT68: 107983
A69: Augsburg University | B69: 253 | H69: Blount | I69: 26 | K69: Augsburg University | L69: 102 | S69: Blount | T69: 24 | Z69: Batavia | AA69: 53 | AB69: 25 | AF69: Augsburg University | AG69: 253 | AH69: 102 | AL69: Blount | AM69: 26 | AN69: 24 | AT69: 108092
A70: Augusta University | B70: 806 | H70: Blue Earth | I70: 754 | K70: Augusta University | L70: 385 | S70: Blue Earth | T70: 204 | Z70: Batesville | AA70: 116 | AB70: 88 | AF70: Augusta University | AG70: 806 | AH70: 385 | AL70: Blue Earth | AM70: 754 | AN70: 204 | AT70: 108232
A71: Augustana College | B71: 260 | H71: Bolivar | I71: 263 | K71: Augustana College | L71: 126 | S71: Bolivar | T71: 79 | Z71: Baton Rouge | AA71: 2832 | AB71: 920 | AF71: Augustana College | AG71: 260 | AH71: 126 | AL71: Bolivar | AM71: 263 | AN71: 79 | AT71: 109350
A72: Augustana University | B72: 375 | H72: Bond | I72: 205 | K72: Augustana University | L72: 43 | S72: Bond | T72: 101 | Z72: Bayamon | AA72: 0 | AB72: 0 | AF72: Augustana University | AG72: 375 | AH72: 43 | AL72: Bond | AM72: 205 | AN72: 101 | AT72: 109785
A73: Aurora University | B73: 166 | H73: Boone | I73: 3384 | K73: Aurora University | L73: 65 | S73: Boone | T73: 324 | Z73: Beaumont | AA73: 390 | AB73: 88 | AF73: Aurora University | AG73: 166 | AH73: 65 | AL73: Boone | AM73: 3384 | AN73: 324 | AT73: 109819
... A739: Knox College | B739: 78 | H739: Grand Total | I739: 708173 | K739: Knox College | L739: 30 | S739: Grand Total | T739: 270827 | Z739: New Britain | AA739: 332 | AB739: 171 | AF739: Knox College | AG739: 78 | AH739: 30 | AL739: Grand Total | AM739: 708173 | AN739: 270827 | AT739: 173142
A740: Kutztown University | B740: 535 | K740: Kutztown University | L740: 119 | Z740: New Brunswick | AA740: 1938 | AB740: 1307 | AF740: Kutztown University | AG740: 535 | AH740: 119 | AT740: 173160
A741: Kuyper College | B741: 6 | K741: Kuyper College | L741: 0 | Z741: New Castle | AA741: 0 | AB741: 0 | AF741: Kuyper College | AG741: 6 | AH741: 0 | AT741: 173203
A742: La Roche University | B742: 38 | K742: La Roche University | L742: 29 | Z742: New Concord | AA742: 171 | AB742: 107 | AF742: La Roche University | AG742: 38 | AH742: 29 | AT742: 173258
A743: La Salle University | B743: 188 | K743: La Salle University | L743: 143 | Z743: New Haven | AA743: 1458 | AB743: 838 | AF743: La Salle University | AG743: 188 | AH743: 143 | AT743: 173300
A744: Labette Community College | B744: 5 | K744: Labette Community College | L744: 0 | Z744: New Kensington | AA744: 17 | AB744: 9 | AF744: Labette Community College | AG744: 5 | AH744: 0 | AT744: 173328
A745: Lafayette College | B745: 489 | K745: Lafayette College | L745: 453 | Z745: New London | AA745: 333 | AB745: 174 | AF745: Lafayette College | AG745: 489 | AH745: 453 | AT745: 173416
A746: LaGrange College | B746: 87 | K746: LaGrange College | L746: 35 | Z746: New Orleans | AA746: 3354 | AB746: 1284 | AF746: LaGrange College | AG746: 87 | AH746: 35 | AT746: 173452
A747: Lake Erie College | B747: 243 | K747: Lake Erie College | L747: 196 | Z747: New Paltz | AA747: 440 | AB747: 331 | AF747: Lake Erie College | AG747: 243 | AH747: 196 | AT747: 173461
A748: Lake Forest College | B748: 80 | K748: Lake Forest College | L748: 72 | Z748: New Philadelphia | AA748: 3 | AB748: 0 | AF748: Lake Forest College | AG748: 80 | AH748: 72 | AT748: 173559
A749: Lake Land College | B749: 133 | K749: Lake Land College | L749: 39 | Z749: New Port Richey | AA749: 117 | AB749: 49 | AF749: Lake Land College | AG749: 133 | AH749: 39 | AT749: 173638
A750: Lake Michigan College | B750: 45 | K750: Lake Michigan College | L750: 12 | Z750: New Rochelle | AA750: 362 | AB750: 0 | AF750: Lake Michigan College | AG750: 45 | AH750: 12 | AT750: 173647
A751: Lake Region State College | B751: 93 | K751: Lake Region State College | L751: 10 | Z751: New Town | AA751: 2 | AB751: 0 | AF751: Lake Region State College | AG751: 93 | AH751: 10 | AT751: 173665
... A1172: Presbyterian College | B1172: 267 | K1172: Presbyterian College | L1172: 140 | Z1172: Grand Total | AA1172: 708173 | AB1172: 270827 | AF1172: Presbyterian College | AG1172: 267 | AH1172: 140 | AT1172: 200004
A1173: Princeton University | B1173: 300 | K1173: Princeton University | L1173: 139 | AF1173: Princeton University | AG1173: 300 | AH1173: 139 | AT1173: 200022
A1174: Principia College | B1174: 9 | K1174: Principia College | L1174: 4 | AF1174: Principia College | AG1174: 9 | AH1174: 4 | AT1174: 200059
A1175: Providence College | B1175: 1093 | K1175: Providence College | L1175: 700 | AF1175: Providence College | AG1175: 1093 | AH1175: 700 | AT1175: 200086
A1176: Pueblo Community College | B1176: 124 | K1176: Pueblo Community College | L1176: 51 | AF1176: Pueblo Community College | AG1176: 124 | AH1176: 51 | AT1176: 200192
A1177: Purdue University | B1177: 6230 | K1177: Purdue University | L1177: 2258 | AF1177: Purdue University | AG1177: 6230 | AH1177: 2258 | AT1177: 200217
A1178: Purdue University - Purdue Polytechnic Anderson | B1178: 0 | K1178: Purdue University - Purdue Polytechnic Anderson | L1178: 0 | AF1178: Purdue University - Purdue Polytechnic Anderson | AG1178: 0 | AH1178: 0 | AT1178: 200226
A1179: Purdue University - Purdue Polytechnic Columbus | B1179: 0 | K1179: Purdue University - Purdue Polytechnic Columbus | L1179: 0 | AF1179: Purdue University - Purdue Polytechnic Columbus | AG1179: 0 | AH1179: 0 | AT1179: 200253
A1180: Purdue University - Purdue Polytechnic Indianapolis | B1180: 0 | K1180: Purdue University - Purdue Polytechnic Indianapolis | L1180: 0 | AF1180: Purdue University - Purdue Polytechnic Indianapolis | AG1180: 0 | AH1180: 0 | AT1180: 200280
A1181: Purdue University - Purdue Polytechnic Kokomo | B1181: 0 | K1181: Purdue University - Purdue Polytechnic Kokomo | L1181: 0 | AF1181: Purdue University - Purdue Polytechnic Kokomo | AG1181: 0 | AH1181: 0 | AT1181: 200305
A1182: Purdue University - Purdue Polytechnic Lafayette | B1182: 0 | K1182: Purdue University - Purdue Polytechnic Lafayette | L1182: 0 | AF1182: Purdue University - Purdue Polytechnic Lafayette | AG1182: 0 | AH1182: 0 | AT1182: 200314
A1183: Purdue University - Purdue Polytechnic New Albany | B1183: 0 | K1183: Purdue University - Purdue Polytechnic New Albany | L1183: 0 | AF1183: Purdue University - Purdue Polytechnic New Albany | AG1183: 0 | AH1183: 0 | AT1183: 200332
A1184: Purdue University - Purdue Polytechnic Richmond | B1184: 0 | K1184: Purdue University - Purdue Polytechnic Richmond | L1184: 0 | AF1184: Purdue University - Purdue Polytechnic Richmond | AG1184: 0 | AH1184: 0 | AT1184: 200341
... A1940: Grand Total | B1940: 708173 | K1940: Grand Total | L1940: 270827 | AF1940: Grand Total | AG1940: 708173 | AH1940: 270827 | AT1940: 24378001
AT1941: 24378002
AT1942: 24378003
AT1943: 24378004
AT1944: 24378006
AT1945: 24378007
AT1946: 24378008
AT1947: 24378009
AT1948: 24378010
AT1949: 44903808
AT1950: 49005401
AT1951: laccd
AT1952: Grand Total

Sheet Analysis Charts

Sheet Analysis Report
